<?xml version="1.0" encoding="UTF-8"?>
<project-private xmlns="http://www.netbeans.org/ns/project-private/1">
    <editor-bookmarks xmlns="http://www.netbeans.org/ns/editor-bookmarks/2" lastBookmarkId="0"/>
    <open-files xmlns="http://www.netbeans.org/ns/projectui-open-files/2">
        <group name="Uni">
            <file>file:/C:/Users/Sebastian/Documents/GDrive/Studium/Fall%2015%20Georgia%20Tech/Computer%20Graphics/Swirl/src/swirl/SwirlInterpolation.java</file>
            <file>file:/C:/Users/Sebastian/Documents/GDrive/Studium/Fall%2015%20Georgia%20Tech/Computer%20Graphics/Swirl/src/swirl/SwirlInterpolation3.java</file>
            <file>file:/C:/Users/Sebastian/Documents/GDrive/Studium/Fall%2015%20Georgia%20Tech/Computer%20Graphics/Swirl/src/swirl/SwirlInterpolation2.java</file>
            <file>file:/C:/Users/Sebastian/Documents/GDrive/Studium/Fall%2015%20Georgia%20Tech/Computer%20Graphics/Swirl/src/swirl/Swirl.java</file>
        </group>
    </open-files>
</project-private>
